"City","Email","FileName","Id","ImageUrl","Name","Phone"
"Daman","mominm596@gmail.com","","645b55bcb36ae716bdcd7934","d0029b6a-bbcd-4154-9d59-6142dd2fe9fd.jpg","Mahediali","873501000"
"Daman","krinal@gmail.com","","645b55bcb36ae716bdcd7935","6d7529d5-4a00-4bec-a99a-0ac6c36723a0.jpg","krinal","873501111"
"Daman","amit@gmail.com","","645b55bcb36ae716bdcd7936","d48b1690-5977-4906-8416-4fb98582125a.jpg","amit","873501222"
"Daman","soham@gmail.com","","645b55bcb36ae716bdcd7937","cca6684c-2e0a-4d97-833d-7b9b9862556d.jpg","soham","873501333"
"Daman","pratik@gmail.com","","645b55bcb36ae716bdcd7938","6eb65d85-e56d-484f-9d9f-dc0ce2ca202a.jpg","pratik","873501444"
"Daman","mahediali_7@gmail.com","","645b55bcb36ae716bdcd793b","/minions.jpg","momin","873501777"
"Daman","mahediali_8@gmail.com","","645b55bcb36ae716bdcd793c","/minions.jpg","momin","873501888"
"Daman","mahediali_9@gmail.com","","645b55bcb36ae716bdcd793d","/minions.jpg","momin","873501999"
"Daman","mahediali_10@gmail.com","","645b55bcb36ae716bdcd793e","/minions.jpg","momin","873501101010"
"Daman","mahediali_11@gmail.com","","645b55bcb36ae716bdcd793f","/minions.jpg","momin","873501111111"
"Daman","mahediali_12@gmail.com","","645b55bcb36ae716bdcd7940","/minions.jpg","momin","873501121212"
"Daman","mahediali_13@gmail.com","","645b55bcb36ae716bdcd7941","/minions.jpg","momin","873501131313"
"Daman","mahediali_14@gmail.com","","645b55bcb36ae716bdcd7942","/minions.jpg","momin","873501141414"
"Daman","mahediali_15@gmail.com","","645b55bcb36ae716bdcd7943","/minions.jpg","momin","873501151515"
"Daman","mahediali_16@gmail.com","","645b55bcb36ae716bdcd7944","/minions.jpg","momin","873501161616"
"Daman","mahediali_17@gmail.com","","645b55bcb36ae716bdcd7945","/minions.jpg","momin","873501171717"
"Daman","mahediali_18@gmail.com","","645b55bcb36ae716bdcd7946","/minions.jpg","momin","873501181818"
"Daman","mahediali_19@gmail.com","","645b55bcb36ae716bdcd7947","/minions.jpg","momin","873501191919"
"Daman","mahediali_20@gmail.com","","645b55bcb36ae716bdcd7948","/minions.jpg","momin","873501202020"
"Daman","mahediali_21@gmail.com","","645b55bcb36ae716bdcd7949","/minions.jpg","momin","873501212121"
"Daman","mahediali_22@gmail.com","","645b55bcb36ae716bdcd794a","/minions.jpg","momin","873501222222"
"Daman","mahediali_23@gmail.com","","645b55bcb36ae716bdcd794b","/minions.jpg","momin","873501232323"
"Daman","mahediali_24@gmail.com","","645b55bcb36ae716bdcd794c","/minions.jpg","momin","873501242424"
"Daman","mahediali_25@gmail.com","","645b55bcb36ae716bdcd794d","/minions.jpg","momin","873501252525"
"Daman","mahediali_26@gmail.com","","645b55bcb36ae716bdcd794e","/minions.jpg","momin","873501262626"
"Daman","mahediali_27@gmail.com","","645b55bcb36ae716bdcd794f","/minions.jpg","momin","873501272727"
"Daman","mahediali_28@gmail.com","","645b55bcb36ae716bdcd7950","/minions.jpg","momin","873501282828"
"Daman","mahediali_29@gmail.com","","645b55bcb36ae716bdcd7951","/minions.jpg","momin","873501292929"
"Daman","mahediali_30@gmail.com","","645b55bcb36ae716bdcd7952","/minions.jpg","momin","873501303030"
"Daman","mahediali_31@gmail.com","","645b55bcb36ae716bdcd7953","/minions.jpg","momin","873501313131"
"Daman","mahediali_32@gmail.com","","645b55bcb36ae716bdcd7954","/minions.jpg","momin","873501323232"
"Daman","mahediali_33@gmail.com","","645b55bcb36ae716bdcd7955","/minions.jpg","momin","873501333333"
"Daman","mahediali_34@gmail.com","","645b55bcb36ae716bdcd7956","/minions.jpg","momin","873501343434"
"Daman","mahediali_35@gmail.com","","645b55bcb36ae716bdcd7957","/minions.jpg","momin","873501353535"
"Daman","mahediali_36@gmail.com","","645b55bcb36ae716bdcd7958","/minions.jpg","momin","873501363636"
"Daman","mahediali_37@gmail.com","","645b55bcb36ae716bdcd7959","/minions.jpg","momin","873501373737"
"Daman","mahediali_38@gmail.com","","645b55bcb36ae716bdcd795a","/minions.jpg","momin","873501383838"
"Daman","mahediali_39@gmail.com","","645b55bcb36ae716bdcd795b","/minions.jpg","momin","873501393939"
"Daman","mahediali_40@gmail.com","","645b55bcb36ae716bdcd795c","/minions.jpg","momin","873501404040"
"Daman","mahediali_41@gmail.com","","645b55bcb36ae716bdcd795d","/minions.jpg","momin","873501414141"
"Daman","mahediali_42@gmail.com","","645b55bcb36ae716bdcd795e","/minions.jpg","momin","873501424242"
"Daman","mahediali_43@gmail.com","","645b55bcb36ae716bdcd795f","/minions.jpg","momin","873501434343"
"Daman","mahediali_44@gmail.com","","645b55bcb36ae716bdcd7960","/minions.jpg","momin","873501444444"
"Daman","mahediali_45@gmail.com","","645b55bcb36ae716bdcd7961","/minions.jpg","momin","873501454545"
"Daman","mahediali_46@gmail.com","","645b55bcb36ae716bdcd7962","/minions.jpg","momin","873501464646"
"Daman","mahediali_47@gmail.com","","645b55bcb36ae716bdcd7963","/minions.jpg","momin","873501474747"
"Daman","mahediali_48@gmail.com","","645b55bcb36ae716bdcd7964","/minions.jpg","momin","873501484848"
"Daman","mahediali_49@gmail.com","","645b55bcb36ae716bdcd7965","/minions.jpg","momin","873501494949"
"Daman","mahediali_50@gmail.com","","645b55bcb36ae716bdcd7966","/minions.jpg","momin","873501505050"
"Daman","mahediali_51@gmail.com","","645b55bcb36ae716bdcd7967","/minions.jpg","momin","873501515151"
"Daman","mahediali_52@gmail.com","","645b55bcb36ae716bdcd7968","/minions.jpg","momin","873501525252"
"Daman","mahediali_53@gmail.com","","645b55bcb36ae716bdcd7969","/minions.jpg","momin","873501535353"
"Daman","mahediali_54@gmail.com","","645b55bcb36ae716bdcd796a","/minions.jpg","momin","873501545454"
"Daman","mahediali_55@gmail.com","","645b55bcb36ae716bdcd796b","/minions.jpg","momin","873501555555"
"Daman","mahediali_56@gmail.com","","645b55bcb36ae716bdcd796c","/minions.jpg","momin","873501565656"
"Daman","mahediali_57@gmail.com","","645b55bcb36ae716bdcd796d","/minions.jpg","momin","873501575757"
"Daman","mahediali_58@gmail.com","","645b55bcb36ae716bdcd796e","/minions.jpg","momin","873501585858"
"Daman","mahediali_59@gmail.com","","645b55bcb36ae716bdcd796f","/minions.jpg","momin","873501595959"
"Daman","mahediali_60@gmail.com","","645b55bcb36ae716bdcd7970","/minions.jpg","momin","873501606060"
"Daman","mahediali_61@gmail.com","","645b55bcb36ae716bdcd7971","/minions.jpg","momin","873501616161"
"Daman","mahediali_62@gmail.com","","645b55bcb36ae716bdcd7972","/minions.jpg","momin","873501626262"
"Daman","mahediali_63@gmail.com","","645b55bcb36ae716bdcd7973","/minions.jpg","momin","873501636363"
"Daman","mahediali_64@gmail.com","","645b55bcb36ae716bdcd7974","/minions.jpg","momin","873501646464"
"Daman","mahediali_65@gmail.com","","645b55bcb36ae716bdcd7975","/minions.jpg","momin","873501656565"
"Daman","mahediali_66@gmail.com","","645b55bcb36ae716bdcd7976","/minions.jpg","momin","873501666666"
"Daman","mahediali_67@gmail.com","","645b55bcb36ae716bdcd7977","/minions.jpg","momin","873501676767"
"Daman","mahediali_68@gmail.com","","645b55bcb36ae716bdcd7978","/minions.jpg","momin","873501686868"
"Daman","mahediali_69@gmail.com","","645b55bcb36ae716bdcd7979","/minions.jpg","momin","873501696969"
"Daman","mahediali_70@gmail.com","","645b55bcb36ae716bdcd797a","/minions.jpg","momin","873501707070"
"Daman","mahediali_71@gmail.com","","645b55bcb36ae716bdcd797b","/minions.jpg","momin","873501717171"
"Daman","mahediali_72@gmail.com","","645b55bcb36ae716bdcd797c","/minions.jpg","momin","873501727272"
"Daman","mahediali_73@gmail.com","","645b55bcb36ae716bdcd797d","/minions.jpg","momin","873501737373"
"Daman","mahediali_74@gmail.com","","645b55bcb36ae716bdcd797e","/minions.jpg","momin","873501747474"
"Daman","mahediali_75@gmail.com","","645b55bcb36ae716bdcd797f","/minions.jpg","momin","873501757575"
"Daman","mahediali_76@gmail.com","","645b55bcb36ae716bdcd7980","/minions.jpg","momin","873501767676"
"Daman","mahediali_77@gmail.com","","645b55bcb36ae716bdcd7981","/minions.jpg","momin","873501777777"
"Daman","mahediali_78@gmail.com","","645b55bcb36ae716bdcd7982","/minions.jpg","momin","873501787878"
"Daman","mahediali_79@gmail.com","","645b55bcb36ae716bdcd7983","/minions.jpg","momin","873501797979"
"Daman","mahediali_80@gmail.com","","645b55bcb36ae716bdcd7984","/minions.jpg","momin","873501808080"
"Daman","mahediali_81@gmail.com","","645b55bcb36ae716bdcd7985","/minions.jpg","momin","873501818181"
"Daman","mahediali_82@gmail.com","","645b55bcb36ae716bdcd7986","/minions.jpg","momin","873501828282"
"Daman","mahediali_83@gmail.com","","645b55bcb36ae716bdcd7987","/minions.jpg","momin","873501838383"
"Daman","mahediali_84@gmail.com","","645b55bcb36ae716bdcd7988","/minions.jpg","momin","873501848484"
"Daman","mahediali_85@gmail.com","","645b55bcb36ae716bdcd7989","/minions.jpg","momin","873501858585"
"Daman","mahediali_86@gmail.com","","645b55bcb36ae716bdcd798a","/minions.jpg","momin","873501868686"
"Daman","mahediali_87@gmail.com","","645b55bcb36ae716bdcd798b","/minions.jpg","momin","873501878787"
"Daman","mahediali_88@gmail.com","","645b55bcb36ae716bdcd798c","/minions.jpg","momin","873501888888"
"Daman","mahediali_89@gmail.com","","645b55bcb36ae716bdcd798d","/minions.jpg","momin","873501898989"
"Daman","mahediali_90@gmail.com","","645b55bcb36ae716bdcd798e","/minions.jpg","momin","873501909090"
"Daman","mahediali_91@gmail.com","","645b55bcb36ae716bdcd798f","/minions.jpg","momin","873501919191"
"Daman","mahediali_92@gmail.com","","645b55bcb36ae716bdcd7990","/minions.jpg","momin","873501929292"
"Daman","mahediali_93@gmail.com","","645b55bcb36ae716bdcd7991","/minions.jpg","momin","873501939393"
"Daman","mahediali_94@gmail.com","","645b55bcb36ae716bdcd7992","/minions.jpg","momin","873501949494"
"Daman","mahediali_95@gmail.com","","645b55bcb36ae716bdcd7993","/minions.jpg","momin","873501959595"
"Daman","mahediali_96@gmail.com","","645b55bcb36ae716bdcd7994","/minions.jpg","momin","873501969696"
"Daman","mahediali_97@gmail.com","","645b55bcb36ae716bdcd7995","/minions.jpg","momin","873501979797"
"Daman","mahediali_98@gmail.com","","645b55bcb36ae716bdcd7996","/minions.jpg","momin","873501989898"
"Daman","mahediali_99@gmail.com","","645b55bcb36ae716bdcd7997","/minions.jpg","momin","873501999999"
"Daman","mahediali_100@gmail.com","","645b55bcb36ae716bdcd7998","/minions.jpg","momin","873501100100100"
"Daman","mahediali_101@gmail.com","","645b55bcb36ae716bdcd7999","/minions.jpg","momin","873501101101101"
"Daman","mahediali_102@gmail.com","","645b55bcb36ae716bdcd799a","/minions.jpg","momin","873501102102102"
"Daman","mahediali_103@gmail.com","","645b55bcb36ae716bdcd799b","/minions.jpg","momin","873501103103103"
"Daman","mahediali_104@gmail.com","","645b55bcb36ae716bdcd799c","/minions.jpg","momin","873501104104104"
"Daman","mahediali_105@gmail.com","","645b55bcb36ae716bdcd799d","/minions.jpg","momin","873501105105105"
"Daman","mahediali_106@gmail.com","","645b55bcb36ae716bdcd799e","/minions.jpg","momin","873501106106106"
"Daman","mahediali_107@gmail.com","","645b55bcb36ae716bdcd799f","/minions.jpg","momin","873501107107107"
"Daman","mahediali_108@gmail.com","","645b55bcb36ae716bdcd79a0","/minions.jpg","momin","873501108108108"
"Daman","mahediali_109@gmail.com","","645b55bcb36ae716bdcd79a1","/minions.jpg","momin","873501109109109"
"Daman","mahediali_110@gmail.com","","645b55bcb36ae716bdcd79a2","/minions.jpg","momin","873501110110110"
"Daman","mahediali_111@gmail.com","","645b55bcb36ae716bdcd79a3","/minions.jpg","momin","873501111111111"
"Daman","mahediali_112@gmail.com","","645b55bcb36ae716bdcd79a4","/minions.jpg","momin","873501112112112"
"Daman","mahediali_113@gmail.com","","645b55bcb36ae716bdcd79a5","/minions.jpg","momin","873501113113113"
"Daman","mahediali_114@gmail.com","","645b55bcb36ae716bdcd79a6","/minions.jpg","momin","873501114114114"
"Daman","mahediali_115@gmail.com","","645b55bcb36ae716bdcd79a7","/minions.jpg","momin","873501115115115"
"Daman","mahediali_116@gmail.com","","645b55bcb36ae716bdcd79a8","/minions.jpg","momin","873501116116116"
"Daman","mahediali_117@gmail.com","","645b55bcb36ae716bdcd79a9","/minions.jpg","momin","873501117117117"
"Daman","mahediali_118@gmail.com","","645b55bcb36ae716bdcd79aa","/minions.jpg","momin","873501118118118"
"Daman","mahediali_119@gmail.com","","645b55bcb36ae716bdcd79ab","/minions.jpg","momin","873501119119119"
"Daman","mahediali_120@gmail.com","","645b55bcb36ae716bdcd79ac","/minions.jpg","momin","873501120120120"
"Daman","mahediali_121@gmail.com","","645b55bcb36ae716bdcd79ad","/minions.jpg","momin","873501121121121"
"Daman","mahediali_122@gmail.com","","645b55bcb36ae716bdcd79ae","/minions.jpg","momin","873501122122122"
"Daman","mahediali_123@gmail.com","","645b55bcb36ae716bdcd79af","/minions.jpg","momin","873501123123123"
"Daman","mahediali_124@gmail.com","","645b55bcb36ae716bdcd79b0","/minions.jpg","momin","873501124124124"
"Daman","mahediali_125@gmail.com","","645b55bcb36ae716bdcd79b1","/minions.jpg","momin","873501125125125"
"Daman","mahediali_126@gmail.com","","645b55bcb36ae716bdcd79b2","/minions.jpg","momin","873501126126126"
"Daman","mahediali_127@gmail.com","","645b55bcb36ae716bdcd79b3","/minions.jpg","momin","873501127127127"
"Daman","mahediali_128@gmail.com","","645b55bcb36ae716bdcd79b4","/minions.jpg","momin","873501128128128"
"Daman","mahediali_129@gmail.com","","645b55bcb36ae716bdcd79b5","/minions.jpg","momin","873501129129129"
"Daman","mahediali_130@gmail.com","","645b55bcb36ae716bdcd79b6","/minions.jpg","momin","873501130130130"
"Daman","mahediali_131@gmail.com","","645b55bcb36ae716bdcd79b7","/minions.jpg","momin","873501131131131"
"Daman","mahediali_132@gmail.com","","645b55bcb36ae716bdcd79b8","/minions.jpg","momin","873501132132132"
"Daman","mahediali_133@gmail.com","","645b55bcb36ae716bdcd79b9","/minions.jpg","momin","873501133133133"
"Daman","mahediali_134@gmail.com","","645b55bcb36ae716bdcd79ba","/minions.jpg","momin","873501134134134"
"Daman","mahediali_135@gmail.com","","645b55bcb36ae716bdcd79bb","/minions.jpg","momin","873501135135135"
"Daman","mahediali_136@gmail.com","","645b55bcb36ae716bdcd79bc","/minions.jpg","momin","873501136136136"
"Daman","mahediali_137@gmail.com","","645b55bcb36ae716bdcd79bd","/minions.jpg","momin","873501137137137"
"Daman","mahediali_138@gmail.com","","645b55bcb36ae716bdcd79be","/minions.jpg","momin","873501138138138"
"Daman","mahediali_139@gmail.com","","645b55bcb36ae716bdcd79bf","/minions.jpg","momin","873501139139139"
"Daman","mahediali_140@gmail.com","","645b55bcb36ae716bdcd79c0","/minions.jpg","momin","873501140140140"
"Daman","mahediali_141@gmail.com","","645b55bcb36ae716bdcd79c1","/minions.jpg","momin","873501141141141"
"Daman","mahediali_142@gmail.com","","645b55bcb36ae716bdcd79c2","/minions.jpg","momin","873501142142142"
"Daman","mahediali_143@gmail.com","","645b55bcb36ae716bdcd79c3","/minions.jpg","momin","873501143143143"
"Daman","mahediali_144@gmail.com","","645b55bcb36ae716bdcd79c4","/minions.jpg","momin","873501144144144"
"Daman","mahediali_145@gmail.com","","645b55bcb36ae716bdcd79c5","/minions.jpg","momin","873501145145145"
"Daman","mahediali_146@gmail.com","","645b55bcb36ae716bdcd79c6","/minions.jpg","momin","873501146146146"
"Daman","mahediali_147@gmail.com","","645b55bcb36ae716bdcd79c7","/minions.jpg","momin","873501147147147"
"Daman","mahediali_148@gmail.com","","645b55bcb36ae716bdcd79c8","/minions.jpg","momin","873501148148148"
"Daman","mahediali_149@gmail.com","","645b55bcb36ae716bdcd79c9","/minions.jpg","momin","873501149149149"
"Daman","mahediali_150@gmail.com","","645b55bcb36ae716bdcd79ca","/minions.jpg","momin","873501150150150"
"Daman","mahediali_151@gmail.com","","645b55bcb36ae716bdcd79cb","/minions.jpg","momin","873501151151151"
"Daman","mahediali_152@gmail.com","","645b55bcb36ae716bdcd79cc","/minions.jpg","momin","873501152152152"
"Daman","mahediali_153@gmail.com","","645b55bcb36ae716bdcd79cd","/minions.jpg","momin","873501153153153"
"Daman","mahediali_154@gmail.com","","645b55bcb36ae716bdcd79ce","/minions.jpg","momin","873501154154154"
"Daman","mahediali_155@gmail.com","","645b55bcb36ae716bdcd79cf","/minions.jpg","momin","873501155155155"
"Daman","mahediali_156@gmail.com","","645b55bcb36ae716bdcd79d0","/minions.jpg","momin","873501156156156"
"Daman","mahediali_157@gmail.com","","645b55bcb36ae716bdcd79d1","/minions.jpg","momin","873501157157157"
"Daman","mahediali_158@gmail.com","","645b55bcb36ae716bdcd79d2","/minions.jpg","momin","873501158158158"
"Daman","mahediali_159@gmail.com","","645b55bcb36ae716bdcd79d3","/minions.jpg","momin","873501159159159"
"Daman","mahediali_160@gmail.com","","645b55bcb36ae716bdcd79d4","/minions.jpg","momin","873501160160160"
"Daman","mahediali_161@gmail.com","","645b55bcb36ae716bdcd79d5","/minions.jpg","momin","873501161161161"
"Daman","mahediali_162@gmail.com","","645b55bcb36ae716bdcd79d6","/minions.jpg","momin","873501162162162"
"Daman","mahediali_163@gmail.com","","645b55bcb36ae716bdcd79d7","/minions.jpg","momin","873501163163163"
"Daman","mahediali_164@gmail.com","","645b55bcb36ae716bdcd79d8","/minions.jpg","momin","873501164164164"
"Daman","mahediali_165@gmail.com","","645b55bcb36ae716bdcd79d9","/minions.jpg","momin","873501165165165"
"Daman","mahediali_166@gmail.com","","645b55bcb36ae716bdcd79da","/minions.jpg","momin","873501166166166"
"Daman","mahediali_167@gmail.com","","645b55bcb36ae716bdcd79db","/minions.jpg","momin","873501167167167"
"Daman","mahediali_168@gmail.com","","645b55bcb36ae716bdcd79dc","/minions.jpg","momin","873501168168168"
"Daman","mahediali_169@gmail.com","","645b55bcb36ae716bdcd79dd","/minions.jpg","momin","873501169169169"
"Daman","mahediali_170@gmail.com","","645b55bcb36ae716bdcd79de","/minions.jpg","momin","873501170170170"
"Daman","mahediali_171@gmail.com","","645b55bcb36ae716bdcd79df","/minions.jpg","momin","873501171171171"
"Daman","mahediali_172@gmail.com","","645b55bcb36ae716bdcd79e0","/minions.jpg","momin","873501172172172"
"Daman","mahediali_173@gmail.com","","645b55bcb36ae716bdcd79e1","/minions.jpg","momin","873501173173173"
"Daman","mahediali_174@gmail.com","","645b55bcb36ae716bdcd79e2","/minions.jpg","momin","873501174174174"
"Daman","mahediali_175@gmail.com","","645b55bcb36ae716bdcd79e3","/minions.jpg","momin","873501175175175"
"Daman","mahediali_176@gmail.com","","645b55bcb36ae716bdcd79e4","/minions.jpg","momin","873501176176176"
"Daman","mahediali_177@gmail.com","","645b55bcb36ae716bdcd79e5","/minions.jpg","momin","873501177177177"
"Daman","mahediali_178@gmail.com","","645b55bcb36ae716bdcd79e6","/minions.jpg","momin","873501178178178"
"Daman","mahediali_179@gmail.com","","645b55bcb36ae716bdcd79e7","/minions.jpg","momin","873501179179179"
"Daman","mahediali_180@gmail.com","","645b55bcb36ae716bdcd79e8","/minions.jpg","momin","873501180180180"
"Daman","mahediali_181@gmail.com","","645b55bcb36ae716bdcd79e9","/minions.jpg","momin","873501181181181"
"Daman","mahediali_182@gmail.com","","645b55bcb36ae716bdcd79ea","/minions.jpg","momin","873501182182182"
"Daman","mahediali_183@gmail.com","","645b55bcb36ae716bdcd79eb","/minions.jpg","momin","873501183183183"
"Daman","mahediali_184@gmail.com","","645b55bcb36ae716bdcd79ec","/minions.jpg","momin","873501184184184"
"Daman","mahediali_185@gmail.com","","645b55bcb36ae716bdcd79ed","/minions.jpg","momin","873501185185185"
"Daman","mahediali_186@gmail.com","","645b55bcb36ae716bdcd79ee","/minions.jpg","momin","873501186186186"
"Daman","mahediali_187@gmail.com","","645b55bcb36ae716bdcd79ef","/minions.jpg","momin","873501187187187"
"Daman","mahediali_188@gmail.com","","645b55bcb36ae716bdcd79f0","/minions.jpg","momin","873501188188188"
"Daman","mahediali_189@gmail.com","","645b55bcb36ae716bdcd79f1","/minions.jpg","momin","873501189189189"
"Daman","mahediali_190@gmail.com","","645b55bcb36ae716bdcd79f2","/minions.jpg","momin","873501190190190"
"Daman","mahediali_191@gmail.com","","645b55bcb36ae716bdcd79f3","/minions.jpg","momin","873501191191191"
"Daman","mahediali_192@gmail.com","","645b55bcb36ae716bdcd79f4","/minions.jpg","momin","873501192192192"
"Daman","mahediali_193@gmail.com","","645b55bcb36ae716bdcd79f5","/minions.jpg","momin","873501193193193"
"Daman","mahediali_194@gmail.com","","645b55bcb36ae716bdcd79f6","/minions.jpg","momin","873501194194194"
"Daman","mahediali_195@gmail.com","","645b55bcb36ae716bdcd79f7","/minions.jpg","momin","873501195195195"
"Daman","mahediali_196@gmail.com","","645b55bcb36ae716bdcd79f8","/minions.jpg","momin","873501196196196"
"Daman","mahediali_197@gmail.com","","645b55bcb36ae716bdcd79f9","/minions.jpg","momin","873501197197197"
"Daman","mahediali_198@gmail.com","","645b55bcb36ae716bdcd79fa","/minions.jpg","momin","873501198198198"
"Daman","mahediali_199@gmail.com","","645b55bcb36ae716bdcd79fb","/minions.jpg","momin","873501199199199"
"Daman","mahediali_200@gmail.com","","645b55bcb36ae716bdcd79fc","/minions.jpg","momin","873501200200200"
"Daman","mahediali_201@gmail.com","","645b55bcb36ae716bdcd79fd","/minions.jpg","momin","873501201201201"
"Daman","mahediali_202@gmail.com","","645b55bcb36ae716bdcd79fe","/minions.jpg","momin","873501202202202"
"Daman","mahediali_203@gmail.com","","645b55bcb36ae716bdcd79ff","/minions.jpg","momin","873501203203203"
"Daman","mahediali_204@gmail.com","","645b55bcb36ae716bdcd7a00","/minions.jpg","momin","873501204204204"
"Daman","mahediali_205@gmail.com","","645b55bcb36ae716bdcd7a01","/minions.jpg","momin","873501205205205"
"Daman","mahediali_206@gmail.com","","645b55bcb36ae716bdcd7a02","/minions.jpg","momin","873501206206206"
"Daman","mahediali_207@gmail.com","","645b55bcb36ae716bdcd7a03","/minions.jpg","momin","873501207207207"
"Daman","mahediali_208@gmail.com","","645b55bcb36ae716bdcd7a04","/minions.jpg","momin","873501208208208"
"Daman","mahediali_209@gmail.com","","645b55bcb36ae716bdcd7a05","/minions.jpg","momin","873501209209209"
"Daman","mahediali_210@gmail.com","","645b55bcb36ae716bdcd7a06","/minions.jpg","momin","873501210210210"
"Daman","mahediali_211@gmail.com","","645b55bcb36ae716bdcd7a07","/minions.jpg","momin","873501211211211"
"Daman","mahediali_212@gmail.com","","645b55bcb36ae716bdcd7a08","/minions.jpg","momin","873501212212212"
"Daman","mahediali_213@gmail.com","","645b55bcb36ae716bdcd7a09","/minions.jpg","momin","873501213213213"
"Daman","mahediali_214@gmail.com","","645b55bcb36ae716bdcd7a0a","/minions.jpg","momin","873501214214214"
"Daman","mahediali_215@gmail.com","","645b55bcb36ae716bdcd7a0b","/minions.jpg","momin","873501215215215"
"Daman","mahediali_216@gmail.com","","645b55bcb36ae716bdcd7a0c","/minions.jpg","momin","873501216216216"
"Daman","mahediali_217@gmail.com","","645b55bcb36ae716bdcd7a0d","/minions.jpg","momin","873501217217217"
"Daman","mahediali_218@gmail.com","","645b55bcb36ae716bdcd7a0e","/minions.jpg","momin","873501218218218"
"Daman","mahediali_219@gmail.com","","645b55bcb36ae716bdcd7a0f","/minions.jpg","momin","873501219219219"
"Daman","mahediali_220@gmail.com","","645b55bcb36ae716bdcd7a10","/minions.jpg","momin","873501220220220"
"Daman","mahediali_221@gmail.com","","645b55bcb36ae716bdcd7a11","/minions.jpg","momin","873501221221221"
"Daman","mahediali_222@gmail.com","","645b55bcb36ae716bdcd7a12","/minions.jpg","momin","873501222222222"
"Daman","mahediali_223@gmail.com","","645b55bcb36ae716bdcd7a13","/minions.jpg","momin","873501223223223"
"Daman","mahediali_224@gmail.com","","645b55bcb36ae716bdcd7a14","/minions.jpg","momin","873501224224224"
"Daman","mahediali_225@gmail.com","","645b55bcb36ae716bdcd7a15","/minions.jpg","momin","873501225225225"
"Daman","mahediali_226@gmail.com","","645b55bcb36ae716bdcd7a16","/minions.jpg","momin","873501226226226"
"Daman","mahediali_227@gmail.com","","645b55bcb36ae716bdcd7a17","/minions.jpg","momin","873501227227227"
"Daman","mahediali_228@gmail.com","","645b55bcb36ae716bdcd7a18","/minions.jpg","momin","873501228228228"
"Daman","mahediali_229@gmail.com","","645b55bcb36ae716bdcd7a19","/minions.jpg","momin","873501229229229"
"Daman","mahediali_230@gmail.com","","645b55bcb36ae716bdcd7a1a","/minions.jpg","momin","873501230230230"
"Daman","mahediali_231@gmail.com","","645b55bcb36ae716bdcd7a1b","/minions.jpg","momin","873501231231231"
"Daman","mahediali_232@gmail.com","","645b55bcb36ae716bdcd7a1c","/minions.jpg","momin","873501232232232"
"Daman","mahediali_233@gmail.com","","645b55bcb36ae716bdcd7a1d","/minions.jpg","momin","873501233233233"
"Daman","mahediali_234@gmail.com","","645b55bcb36ae716bdcd7a1e","/minions.jpg","momin","873501234234234"
"Daman","mahediali_235@gmail.com","","645b55bcb36ae716bdcd7a1f","/minions.jpg","momin","873501235235235"
"Daman","mahediali_236@gmail.com","","645b55bcb36ae716bdcd7a20","/minions.jpg","momin","873501236236236"
"Daman","mahediali_237@gmail.com","","645b55bcb36ae716bdcd7a21","/minions.jpg","momin","873501237237237"
"Daman","mahediali_238@gmail.com","","645b55bcb36ae716bdcd7a22","/minions.jpg","momin","873501238238238"
"Daman","mahediali_239@gmail.com","","645b55bcb36ae716bdcd7a23","/minions.jpg","momin","873501239239239"
"Daman","mahediali_240@gmail.com","","645b55bcb36ae716bdcd7a24","/minions.jpg","momin","873501240240240"
"Daman","mahediali_241@gmail.com","","645b55bcb36ae716bdcd7a25","/minions.jpg","momin","873501241241241"
"Daman","mahediali_242@gmail.com","","645b55bcb36ae716bdcd7a26","/minions.jpg","momin","873501242242242"
"Daman","mahediali_243@gmail.com","","645b55bcb36ae716bdcd7a27","/minions.jpg","momin","873501243243243"
"Daman","mahediali_244@gmail.com","","645b55bcb36ae716bdcd7a28","/minions.jpg","momin","873501244244244"
"Daman","mahediali_245@gmail.com","","645b55bcb36ae716bdcd7a29","/minions.jpg","momin","873501245245245"
"Daman","mahediali_246@gmail.com","","645b55bcb36ae716bdcd7a2a","/minions.jpg","momin","873501246246246"
"Daman","mahediali_247@gmail.com","","645b55bcb36ae716bdcd7a2b","/minions.jpg","momin","873501247247247"
"Daman","mahediali_248@gmail.com","","645b55bcb36ae716bdcd7a2c","/minions.jpg","momin","873501248248248"
"Daman","mahediali_249@gmail.com","","645b55bcb36ae716bdcd7a2d","/minions.jpg","momin","873501249249249"
"Daman","mahediali_250@gmail.com","","645b55bcb36ae716bdcd7a2e","/minions.jpg","momin","873501250250250"
"Daman","mahediali_251@gmail.com","","645b55bcb36ae716bdcd7a2f","/minions.jpg","momin","873501251251251"
"Daman","mahediali_252@gmail.com","","645b55bcb36ae716bdcd7a30","/minions.jpg","momin","873501252252252"
"Daman","mahediali_253@gmail.com","","645b55bcb36ae716bdcd7a31","/minions.jpg","momin","873501253253253"
"Daman","mahediali_254@gmail.com","","645b55bcb36ae716bdcd7a32","/minions.jpg","momin","873501254254254"
"Daman","mahediali_255@gmail.com","","645b55bcb36ae716bdcd7a33","/minions.jpg","momin","873501255255255"
"Daman","mahediali_256@gmail.com","","645b55bcb36ae716bdcd7a34","/minions.jpg","momin","873501256256256"
"Daman","mahediali_257@gmail.com","","645b55bcb36ae716bdcd7a35","/minions.jpg","momin","873501257257257"
"Daman","mahediali_258@gmail.com","","645b55bcb36ae716bdcd7a36","/minions.jpg","momin","873501258258258"
"Daman","mahediali_259@gmail.com","","645b55bcb36ae716bdcd7a37","/minions.jpg","momin","873501259259259"
"Daman","mahediali_260@gmail.com","","645b55bcb36ae716bdcd7a38","/minions.jpg","momin","873501260260260"
"Daman","mahediali_261@gmail.com","","645b55bcb36ae716bdcd7a39","/minions.jpg","momin","873501261261261"
"Daman","mahediali_262@gmail.com","","645b55bcb36ae716bdcd7a3a","/minions.jpg","momin","873501262262262"
"Daman","mahediali_263@gmail.com","","645b55bcb36ae716bdcd7a3b","/minions.jpg","momin","873501263263263"
"Daman","mahediali_264@gmail.com","","645b55bcb36ae716bdcd7a3c","/minions.jpg","momin","873501264264264"
"Daman","mahediali_265@gmail.com","","645b55bcb36ae716bdcd7a3d","/minions.jpg","momin","873501265265265"
"Daman","mahediali_266@gmail.com","","645b55bcb36ae716bdcd7a3e","/minions.jpg","momin","873501266266266"
"Daman","mahediali_267@gmail.com","","645b55bcb36ae716bdcd7a3f","/minions.jpg","momin","873501267267267"
"Daman","mahediali_268@gmail.com","","645b55bcb36ae716bdcd7a40","/minions.jpg","momin","873501268268268"
"Daman","mahediali_269@gmail.com","","645b55bcb36ae716bdcd7a41","/minions.jpg","momin","873501269269269"
"Daman","mahediali_270@gmail.com","","645b55bcb36ae716bdcd7a42","/minions.jpg","momin","873501270270270"
"Daman","mahediali_271@gmail.com","","645b55bcb36ae716bdcd7a43","/minions.jpg","momin","873501271271271"
"Daman","mahediali_272@gmail.com","","645b55bcb36ae716bdcd7a44","/minions.jpg","momin","873501272272272"
"Daman","mahediali_273@gmail.com","","645b55bcb36ae716bdcd7a45","/minions.jpg","momin","873501273273273"
"Daman","mahediali_274@gmail.com","","645b55bcb36ae716bdcd7a46","/minions.jpg","momin","873501274274274"
"Daman","mahediali_275@gmail.com","","645b55bcb36ae716bdcd7a47","/minions.jpg","momin","873501275275275"
"Daman","mahediali_276@gmail.com","","645b55bcb36ae716bdcd7a48","/minions.jpg","momin","873501276276276"
"Daman","mahediali_277@gmail.com","","645b55bcb36ae716bdcd7a49","/minions.jpg","momin","873501277277277"
"Daman","mahediali_278@gmail.com","","645b55bcb36ae716bdcd7a4a","/minions.jpg","momin","873501278278278"
"Daman","mahediali_279@gmail.com","","645b55bcb36ae716bdcd7a4b","/minions.jpg","momin","873501279279279"
"Daman","mahediali_280@gmail.com","","645b55bcb36ae716bdcd7a4c","/minions.jpg","momin","873501280280280"
"Daman","mahediali_281@gmail.com","","645b55bcb36ae716bdcd7a4d","/minions.jpg","momin","873501281281281"
"Daman","mahediali_282@gmail.com","","645b55bcb36ae716bdcd7a4e","/minions.jpg","momin","873501282282282"
"Daman","mahediali_283@gmail.com","","645b55bcb36ae716bdcd7a4f","/minions.jpg","momin","873501283283283"
"Daman","mahediali_284@gmail.com","","645b55bcb36ae716bdcd7a50","/minions.jpg","momin","873501284284284"
"Daman","mahediali_285@gmail.com","","645b55bcb36ae716bdcd7a51","/minions.jpg","momin","873501285285285"
"Daman","mahediali_286@gmail.com","","645b55bcb36ae716bdcd7a52","/minions.jpg","momin","873501286286286"
"Daman","mahediali_287@gmail.com","","645b55bcb36ae716bdcd7a53","/minions.jpg","momin","873501287287287"
"Daman","mahediali_288@gmail.com","","645b55bcb36ae716bdcd7a54","/minions.jpg","momin","873501288288288"
"Daman","mahediali_289@gmail.com","","645b55bcb36ae716bdcd7a55","/minions.jpg","momin","873501289289289"
"Daman","mahediali_290@gmail.com","","645b55bcb36ae716bdcd7a56","/minions.jpg","momin","873501290290290"
"Daman","mahediali_291@gmail.com","","645b55bcb36ae716bdcd7a57","/minions.jpg","momin","873501291291291"
"Daman","mahediali_292@gmail.com","","645b55bcb36ae716bdcd7a58","/minions.jpg","momin","873501292292292"
"Daman","mahediali_293@gmail.com","","645b55bcb36ae716bdcd7a59","/minions.jpg","momin","873501293293293"
"Daman","mahediali_294@gmail.com","","645b55bcb36ae716bdcd7a5a","/minions.jpg","momin","873501294294294"
"Daman","mahediali_295@gmail.com","","645b55bcb36ae716bdcd7a5b","/minions.jpg","momin","873501295295295"
"Daman","mahediali_296@gmail.com","","645b55bcb36ae716bdcd7a5c","/minions.jpg","momin","873501296296296"
"Daman","mahediali_297@gmail.com","","645b55bcb36ae716bdcd7a5d","/minions.jpg","momin","873501297297297"
"Daman","mahediali_298@gmail.com","","645b55bcb36ae716bdcd7a5e","/minions.jpg","momin","873501298298298"
"Daman","mahediali_299@gmail.com","","645b55bcb36ae716bdcd7a5f","/minions.jpg","momin","873501299299299"
